Name,FC,Pvalue,Marker
Haemophilus_sp_HMSC71H05,-9.43608728,0.010682453,1
Bacteroides_dorei,-2.571180042,0.014476595,1
Escherichia_coli,-0.226383226,0.018963418,0
Collinsella_aerofaciens,2.208127063,0.025670471,1
Alistipes_timonensis,-7.474110703,0.041985375,1
Ruminococcus_bicirculans,0.94638895,0.046008298,1
Klebsiella_variicola,2.681938397,0.056544061,0
Eubacterium_sp_CAG_251,-2.019860501,0.064409226,0
Cloacibacillus_evryensis,-2.987308548,0.064409226,0
Sellimonas_intestinalis,-0.857702027,0.06577086,0
Bacteroides_sp_OM05_12,16.74015225,0.070726807,0
Intestinibacter_bartlettii,-1.308567804,0.070726807,0
Klebsiella_pneumoniae,3.183171561,0.084104202,0
Bacteroides_coprocola,5.139107268,0.091712092,0
Eubacterium_hallii,1.006005582,0.094948428,0
Parabacteroides_johnsonii,14.07218069,0.106022446,0
Streptococcus_mitis,8.933268841,0.106022446,0
Flavonifractor_sp_An100,10.10245911,0.106022446,0
Sutterella_parvirubra,13.02595404,0.106022446,0
Dorea_formicigenerans,0.452454744,0.132791996,0
Fusicatenibacter_saccharivorans,1.469259775,0.144708475,0
Lachnoclostridium_sp_An138,-2.938276402,0.146668342,0
Klebsiella_quasipneumoniae,2.109838615,0.15546605,0
Bacteroides_sp_CAG_144,14.12597624,0.157303609,0
Streptococcus_sanguinis,9.843771384,0.157303609,0
Victivallis_vadensis,14.5273006,0.157303609,0
Flavonifractor_sp_An10,0.368435752,0.165921681,0
Bacteroides_sp_CAG_443,-8.906601126,0.167546277,0
Bacteroides_sp_D2,-14.41837357,0.167546277,0
Porphyromonas_uenonis,-9.209210134,0.167546277,0
Prevotella_sp_CAG_1031,-13.05188291,0.167546277,0
Prevotella_stercorea,-16.89691062,0.167546277,0
Enterococcus_raffinosus,-15.81897948,0.167546277,0
Lactobacillus_ruminis,-12.87169409,0.167546277,0
Blautia_hansenii,-12.42335218,0.167546277,0
Faecalicatena_orotica,-8.31242966,0.167546277,0
Lachnoclostridium_sp_An118,-8.810250607,0.167546277,0
Romboutsia_ilealis,-7.168921779,0.167546277,0
Ruminococcus_sp_CAG_330,-12.30289648,0.167546277,0
Veillonella_sp_T11011_6,-6.063936462,0.167546277,0
Cetobacterium_somerae,-12.27260106,0.167546277,0
Sneathia_amnii,-7.894212068,0.167546277,0
Desulfovibrio_fairfieldensis,-14.73269342,0.167546277,0
Shewanella_algae,-9.3418528,0.167546277,0
Citrobacter_farmeri,-13.69282296,0.167546277,0
Klebsiella_oxytoca,-9.280539271,0.167546277,0
Morganella_morganii,-12.02821734,0.167546277,0
Mycoplasma_hominis,-7.930146539,0.167546277,0
Parabacteroides_goldsteinii,-0.556188341,0.171179748,0
Anaerotignum_lactatifermentans,-8.572106262,0.174206361,0
Firmicutes_bacterium_CAG_145,-3.920849707,0.177468983,0
Eubacterium_eligens,-1.270759558,0.180669476,0
Clostridium_sp_CAG_58,2.057990558,0.194806077,0
Phascolarctobacterium_faecium,1.455880782,0.197265922,0
Prevotella_sp_CAG_279,-1.848534594,0.201793244,0
Desulfovibrionaceae_bacterium,-2.967423628,0.201793244,0
Butyricimonas_virosa,1.299067065,0.206962584,0
Parabacteroides_merdae,0.215480088,0.209951085,0
Blautia_hydrogenotrophica,0.341864878,0.210030223,0
Collinsella_stercoris,1.530074961,0.212624872,0
Bacteroides_fragilis,0.156610968,0.214409769,0
Roseburia_faecis,-1.483348593,0.21473713,0
Eubacterium_ramulus,1.234729403,0.22277463,0
Ruminococcus_gnavus,-2.069404634,0.22581813,0
Actinomyces_odontolyticus,8.797702128,0.232436122,0
Bacteroides_sp_OM08_11,11.78793184,0.232436122,0
Lactococcus_garvieae,10.30348934,0.232436122,0
Lactococcus_petauri,10.45432632,0.232436122,0
Faecalicoccus_pleomorphus,12.16020165,0.232436122,0
Firmicutes_bacterium_CAG_238,14.44181017,0.232436122,0
Mitsuokella_multacida,17.6092341,0.232436122,0
Fusobacterium_varium,-1.651273327,0.232436122,0
Roseburia_intestinalis,-1.784123793,0.239855776,0
Bacteroides_vulgatus,1.054234108,0.245152503,0
Clostridium_leptum,0.533219246,0.253408239,0
Coprococcus_comes,1.041648246,0.270333446,0
Alistipes_finegoldii,-2.180767858,0.282614041,0
Clostridium_lavalense,1.770605258,0.284153973,0
Eisenbergiella_tayi,-1.163543408,0.291718765,0
Streptococcus_salivarius,1.299453793,0.299545927,0
Clostridium_saccharolyticum,-1.593405834,0.30410453,0
Firmicutes_bacterium_CAG_170,9.263529816,0.31210154,0
Bacteroides_salyersiae,0.559036002,0.320235095,0
Blautia_wexlerae,1.51912259,0.320682543,0
Flavonifractor_plautii,0.491920422,0.320682543,0
Catabacter_hongkongensis,1.709337864,0.321022911,0
Bacteroides_finegoldii,0.110831703,0.329318055,0
Bacteroides_thetaiotaomicron,-0.846796109,0.341706656,0
Clostridium_sp_CAG_299,-1.573729188,0.342335749,0
Actinomyces_sp_ICM47,8.008828226,0.345972453,0
Actinomyces_sp_S6_Spd3,8.720609905,0.345972453,0
Actinomyces_turicensis,9.451113064,0.345972453,0
Atopobium_deltae,7.232934342,0.345972453,0
Atopobium_vaginae,9.230991858,0.345972453,0
Enterorhabdus_caecimuris,5.137113131,0.345972453,0
Bacteroides_coprophilus,17.39567728,0.345972453,0
Bacteroides_faecichinchillae,8.09010057,0.345972453,0
Bacteroides_sartorii,15.56045938,0.345972453,0
Alistipes_onderdonkii,11.73895684,0.345972453,0
Parabacteroides_gordonii,10.36990436,0.345972453,0
Parabacteroides_sp_CAG_409,14.95032756,0.345972453,0
Leuconostoc_garlicum,6.565509413,0.345972453,0
Clostridium_sp_CAG_253,12.44246201,0.345972453,0
Roseburia_sp_CAG_303,12.2828905,0.345972453,0
Anaerofilum_sp_An201,7.383260761,0.345972453,0
Pseudoflavonifractor_sp_An184,10.66880202,0.345972453,0
Turicibacter_sanguinis,8.603626522,0.345972453,0
Dialister_invisus,8.759174702,0.345972453,0
Veillonella_infantium,9.323966179,0.345972453,0
Parvimonas_micra,8.749630195,0.345972453,0
Fusobacterium_mortiferum,13.56498288,0.345972453,0
Enterobacter_bugandensis,13.30715366,0.345972453,0
Raoultella_ornithinolytica,12.62471955,0.345972453,0
Allisonella_histaminiformans,-0.257618501,0.347973268,0
Anaerostipes_hadrus,0.118209247,0.363544185,0
Ruthenibacterium_lactatiformans,-0.246981246,0.363592555,0
Blautia_sp_CAG_257,-2.876377087,0.364651403,0
Bacteroides_nordii,-0.686690123,0.370746849,0
Ruminococcus_lactaris,1.998142733,0.373155762,0
Prevotella_timonensis,-0.945439519,0.37438032,0
Paraprevotella_xylaniphila,-0.761718773,0.384536576,0
Eubacterium_siraeum,-1.860735631,0.386731404,0
Firmicutes_bacterium_CAG_110,2.09029603,0.394583278,0
Oscillibacter_sp_57_20,1.117458306,0.395958097,0
Lachnospira_pectinoschiza,0.41232325,0.401083594,0
Enterobacter_cloacae_complex,-0.082557384,0.401083594,0
Sanguibacteroides_justesenii,2.321695182,0.408216466,0
Clostridium_spiroforme,0.693358953,0.408216466,0
Paraprevotella_clara,1.155490595,0.425793665,0
Proteobacteria_bacterium_CAG_139,-1.435056103,0.431739422,0
Bifidobacterium_longum,-0.494854804,0.433422424,0
Gardnerella_vaginalis,-1.541754666,0.446363533,0
Clostridium_innocuum,0.62317158,0.449363284,0
Bacteroides_cellulosilyticus,0.327904169,0.457045699,0
Coprobacillus_cateniformis,-0.498868012,0.460570817,0
Hungatella_hathewayi,-0.871065683,0.468858776,0
Dialister_sp_CAG_357,-0.805199701,0.480742022,0
Alistipes_indistinctus,1.517266508,0.481910882,0
Oscillibacter_sp_CAG_241,1.430564263,0.486787106,0
Intestinimonas_butyriciproducens,0.424318408,0.496227213,0
Prevotella_bivia,1.585316789,0.509428686,0
Eubacterium_sp_CAG_180,10.72668226,0.509428686,0
Clostridium_methylpentosum,1.917822415,0.509428686,0
Akkermansia_muciniphila,0.460511744,0.510047601,0
Holdemania_filiformis,-0.412438573,0.510073208,0
Clostridiales_bacterium_1_7_47FAA,-1.896489654,0.527624981,0
Actinobaculum_sp_oral_taxon_183,6.017073513,0.534560802,0
Actinomyces_graevenitzii,6.079357792,0.534560802,0
Actinotignum_timonense,4.099535674,0.534560802,0
Bifidobacterium_breve,12.67853741,0.534560802,0
Bifidobacterium_catenulatum,6.923964109,0.534560802,0
Mycobacterium_canettii,10.14756795,0.534560802,0
Mycobacterium_tuberculosis,8.915452182,0.534560802,0
Microbacterium_sp_T32,7.158429363,0.534560802,0
Saccharopolyspora_rectivirgula,8.315472641,0.534560802,0
Bacteroides_sp_CAG_598,14.99230442,0.534560802,0
Odoribacter_laneus,13.64461937,0.534560802,0
Porphyromonas_asaccharolytica,6.048550707,0.534560802,0
Porphyromonas_sp_HMSC065F10,7.781359089,0.534560802,0
Prevotella_buccalis,8.032898743,0.534560802,0
Prevotella_sp_CAG_755,16.85895049,0.534560802,0
Alistipes_sp_An66,11.7137186,0.534560802,0
Gemella_sanguinis,5.573466862,0.534560802,0
Staphylococcus_aureus,11.3598014,0.534560802,0
Enterococcus_casseliflavus,9.760125721,0.534560802,0
Enterococcus_faecalis,12.08411164,0.534560802,0
Enterococcus_faecium,6.204967918,0.534560802,0
Enterococcus_gallinarum,7.405343293,0.534560802,0
Lactobacillus_gasseri,10.01906069,0.534560802,0
Lactobacillus_iners,9.647286667,0.534560802,0
Lactobacillus_mucosae,7.376693898,0.534560802,0
Lactobacillus_paragasseri,11.67570461,0.534560802,0
Lactobacillus_salivarius,7.587822512,0.534560802,0
Weissella_cibaria,8.131733761,0.534560802,0
Weissella_viridescens,7.938038454,0.534560802,0
Lactococcus_lactis,5.287162677,0.534560802,0
Streptococcus_gordonii,5.602036014,0.534560802,0
Streptococcus_pyogenes,14.12532847,0.534560802,0
Streptococcus_vestibularis,7.647286067,0.534560802,0
Butyribacterium_methylotrophicum,7.704397732,0.534560802,0
Clostridium_disporicum,8.553492345,0.534560802,0
Clostridium_sp_CAG_167,4.854102541,0.534560802,0
Clostridium_sp_CAG_413,19.67095909,0.534560802,0
Clostridium_sp_D5,10.30193163,0.534560802,0
Mogibacterium_diversum,5.139062088,0.534560802,0
Eubacteriaceae_bacterium_CHKCI005,7.767915173,0.534560802,0
Eubacterium_callanderi,7.401285887,0.534560802,0
Eubacterium_dolichum_CAG_375,7.099535674,0.534560802,0
Eubacterium_sp_OM08_24,12.77921082,0.534560802,0
Blautia_coccoides,9.928905636,0.534560802,0
Blautia_sp_N6H1_15,5.038135129,0.534560802,0
Murimonas_intestini,7.006425735,0.534560802,0
Pseudoflavonifractor_capillosus,4.657531127,0.534560802,0
Ruminococcaceae_bacterium_D5,9.900539153,0.534560802,0
Ruminococcus_obeum_CAG_39,4.139064038,0.534560802,0
Ruminococcus_sp_CAG_624,7.815534565,0.534560802,0
Absiella_dolichum,7.555319515,0.534560802,0
Catenibacterium_mitsuokai,8.505149541,0.534560802,0
Erysipelothrix_larvae,10.31115362,0.534560802,0
Solobacterium_moorei,6.069161001,0.534560802,0
Dialister_pneumosintes,11.64170787,0.534560802,0
Megasphaera_sp_DISK_18,14.7192203,0.534560802,0
Megasphaera_sp_MJR8396C,8.395176669,0.534560802,0
Veillonella_rogosae,6.295932886,0.534560802,0
Epibacterium_mobile,8.738575008,0.534560802,0
Comamonas_kerstersii,7.955829498,0.534560802,0
Campylobacter_hominis,7.334752135,0.534560802,0
Citrobacter_portucalensis,13.78023734,0.534560802,0
Enterobacter_mori,8.429456758,0.534560802,0
Kluyvera_ascorbata,9.069161257,0.534560802,0
Kluyvera_georgiana,6.787591045,0.534560802,0
Hafnia_paralvei,7.360062387,0.534560802,0
Aggregatibacter_segnis,8.431448056,0.534560802,0
Pseudomonas_aeruginosa_group,12.33168965,0.534560802,0
Vibrio_parahaemolyticus,9.748991064,0.534560802,0
Ruminococcus_callidus,0.422127406,0.537600512,0
Clostridium_sp_CAG_242,-1.097038298,0.540259961,0
Clostridium_aldenense,-0.348287985,0.547239954,0
Eubacterium_sp_CAG_38,-0.920388038,0.563336783,0
Megasphaera_elsdenii,-0.346821925,0.563912356,0
Harryflintia_acetispora,-0.584205103,0.564134823,0
Faecalitalea_cylindroides,-5.441974472,0.574955422,0
Streptococcus_pasteurianus,-3.798229542,0.58532892,0
Streptococcus_sp_A12,-5.241817689,0.58532892,0
Clostridium_sp_chh4_2,-2.250993,0.58532892,0
Eubacterium_limosum,-3.997669693,0.58532892,0
Citrobacter_werkmanii,-3.200464985,0.58532892,0
Klebsiella_michiganensis,-2.131447811,0.58532892,0
Ruminococcus_bromii,0.267073864,0.594960818,0
Prevotella_disiens,-0.126137168,0.597650626,0
Alistipes_inops,0.840567551,0.597650626,0
Lactobacillus_rogosae,0.388688692,0.597650626,0
Eisenbergiella_massiliensis,0.375026273,0.60352638,0
Streptococcus_parasanguinis,-0.115414857,0.613670486,0
Blautia_obeum,0.691125245,0.626296291,0
Dorea_longicatena,-0.248090813,0.626853894,0
Prevotella_copri,-0.129510914,0.62877166,0
Bifidobacterium_pseudocatenulatum,-1.634777797,0.641520452,0
Clostridium_symbiosum,3.067539781,0.644840346,0
Streptococcus_anginosus_group,0.708420101,0.655298016,0
Streptococcus_australis,-0.444423527,0.655298016,0
Streptococcus_thermophilus,-0.931294296,0.655298016,0
Lactonifactor_longoviformis,3.326651841,0.655298016,0
Monoglobus_pectinilyticus,0.785227429,0.655298016,0
Roseburia_sp_CAG_309,0.360443511,0.655298016,0
Ruminococcus_sp_CAG_488,3.921570092,0.655298016,0
Citrobacter_freundii,1.888804471,0.655298016,0
Citrobacter_youngae,4.640116875,0.655298016,0
Faecalibacterium_prausnitzii,0.179183309,0.657255169,0
Actinomyces_sp_oral_taxon_181,0.583163993,0.6679754,0
Coprococcus_eutactus,-0.180133404,0.680386114,0
Veillonella_parvula,2.971699169,0.680386114,0
Cloacibacillus_porcorum,1.207707622,0.680386114,0
Bacteroides_stercoris,0.18874063,0.681322654,0
Erysipelatoclostridium_ramosum,0.952966613,0.702701585,0
Dielma_fastidiosa,-0.619297681,0.712196597,0
Ruminococcus_torques,1.369865238,0.713297056,0
Alistipes_shahii,1.025633722,0.714873809,0
Odoribacter_splanchnicus,0.447876941,0.716144724,0
Anaerotruncus_colihominis,1.148426417,0.716144724,0
Roseburia_inulinivorans,-0.49330523,0.718909256,0
Parabacteroides_distasonis,-0.992577005,0.719452539,0
Clostridium_clostridioforme,0.681577931,0.729174327,0
Bacteroides_caccae,0.194639749,0.730974888,0
Bacteroides_plebeius,0.030324247,0.732966518,0
Lawsonibacter_asaccharolyticus,0.796654152,0.749925745,0
Bilophila_wadsworthia,-0.015451764,0.751294559,0
Olsenella_scatoligenes,-1.49441714,0.762586033,0
Butyricimonas_synergistica,1.128036423,0.763792719,0
Haemophilus_parainfluenzae,0.694526694,0.76694205,0
Bacteroides_eggerthii,-0.34597161,0.791135421,0
Rothia_mucilaginosa,-0.104452032,0.7996265,0
[Collinsella]_massiliensis,1.313995525,0.7996265,0
Bacteroides_galacturonicus,1.138208436,0.7996265,0
Lachnoclostridium_sp_An131,0.386709918,0.7996265,0
Coprobacter_secundus,1.134383568,0.804783024,0
Clostridium_bolteae_CAG_59,-4.243949616,0.804783024,0
Collinsella_intestinalis,2.125449786,0.828454302,0
Turicimonas_muris,1.105800166,0.829850644,0
Firmicutes_bacterium_CAG_94,-1.18987143,0.83022202,0
Desulfovibrio_piger,0.158656819,0.839944836,0
Bacteroides_intestinalis,0.282922881,0.8433999,0
Bifidobacterium_adolescentis,0.729798469,0.846642729,0
Bacteroides_xylanisolvens,0.069464458,0.849123865,0
Bifidobacterium_dentium,-1.005040028,0.856126213,0
Enorma_massiliensis,-7.257199028,0.856126213,0
Slackia_isoflavoniconvertens,-0.917656506,0.856126213,0
Streptococcus_infantis,-1.252929532,0.856126213,0
Parasutterella_excrementihominis,0.187219319,0.865638148,0
Eggerthella_lenta,-0.794409194,0.879742705,0
Firmicutes_bacterium_CAG_83,-0.089374205,0.882408346,0
Agathobaculum_butyriciproducens,-0.320299615,0.882420114,0
Streptococcus_oralis,-0.00751417,0.88529514,0
Anaeromassilibacillus_sp_An250,0.014851865,0.891447503,0
Gemmiger_formicilis,-0.162782315,0.89825941,0
Clostridium_asparagiforme,-0.038115172,0.910691938,0
Roseburia_hominis,0.206041434,0.914831897,0
Gordonibacter_pamelaeae,-0.441940947,0.915387366,0
Bacteroides_clarus,1.165961293,0.916056693,0
Bifidobacterium_bifidum,0.858924291,0.931024428,0
Adlercreutzia_equolifaciens,0.054627161,0.931500401,0
Alistipes_putredinis,0.26275345,0.931500401,0
Clostridium_citroniae,1.563812323,0.931500401,0
Eubacterium_rectale,-0.761068657,0.932408307,0
Tyzzerella_nexilis,-0.92271926,0.934366641,0
Holdemanella_biformis,-1.650464942,0.934366641,0
Fusobacterium_ulcerans,-5.545287425,0.934366641,0
Coprobacter_fastidiosus,0.979947363,0.939152396,0
Bacteroides_ovatus,0.704213316,0.949438317,0
Megamonas_funiformis,0.215061257,0.957970074,0
Oxalobacter_formigenes,0.230552417,0.960603559,0
Christensenella_minuta,-1.556670929,0.963715994,0
Bacteroides_massiliensis,0.045760316,0.964633083,0
Clostridium_bolteae,-1.797648094,0.966004333,0
Firmicutes_bacterium_CAG_95,0.893952441,0.975563839,0
Phascolarctobacterium_sp_CAG_266,0.460176297,0.975563839,0
Klebsiella_aerogenes,-0.375693255,0.975563839,0
Acidaminococcus_intestini,1.414610153,0.978090913,0
Asaccharobacter_celatus,0.140378035,0.982102428,0
Eubacterium_ventriosum,0.36599276,0.983108782,0
Bacteroides_uniformis,0.278460714,0.983142866,0
Actinomyces_europaeus,0,1,0
Actinomyces_meyeri,0,1,0
Actinomyces_oris,0,1,0
Actinomyces_sp_HMSC035G02,0,1,0
Actinomyces_sp_HPA0247,0,1,0
Actinomyces_sp_oral_taxon_414,0,1,0
Actinomyces_sp_oral_taxon_448,0,1,0
Actinomyces_sp_oral_taxon_897,0,1,0
Actinomyces_viscosus,0,1,0
Actinotignum_schaalii,0,1,0
Varibaculum_cambriense,0,1,0
Alloscardovia_omnicolens,0,1,0
Bifidobacterium_animalis,0,1,0
Bifidobacterium_pseudolongum,0,1,0
Parascardovia_denticolens,0,1,0
Scardovia_wiggsiae,0,1,0
Corynebacterium_argentoratense,0,1,0
Corynebacterium_durum,0,1,0
Lawsonella_clevelandensis,0,1,0
Mycobacterium_orygis,0,1,0
Rothia_aeria,0,1,0
Rothia_dentocariosa,0,1,0
Propionibacterium_acidifaciens,0,1,0
Atopobium_minutum,0,1,0
Atopobium_rimae,0,1,0
Slackia_exigua,0,1,0
Bacteroidetes_bacterium_oral_taxon_272,0,1,0
Bacteroides_faecis,2.958160463,1,0
Bacteroides_faecis_CAG_32,0,1,0
Bacteroides_fluxus,0,1,0
Bacteroides_oleiciplenus,0,1,0
Bacteroides_sp_43_108,0,1,0
Bacteroides_sp_CAG_462,0,1,0
Bacteroides_sp_CAG_633,0,1,0
Bacteroides_sp_CAG_661,0,1,0
Bacteroides_stercorirosoris,0,1,0
Bacteroidales_bacterium_KA00251,0,1,0
Barnesiella_intestinihominis,0.079599885,1,0
Barnesiella_sp_An22,0,1,0
Barnesiella_sp_An55,0,1,0
Porphyromonas_endodontalis,0,1,0
Porphyromonas_gingivalis,0,1,0
Alloprevotella_tannerae,0,1,0
Prevotella_colorans,0,1,0
Prevotella_corporis,0,1,0
Prevotella_nigrescens,0,1,0
Prevotella_sp_885,0,1,0
Prevotella_sp_AM42_24,0,1,0
Prevotella_sp_CAG_1058,0,1,0
Prevotella_sp_CAG_1092,0,1,0
Prevotella_sp_CAG_1124,0,1,0
Prevotella_sp_CAG_1185,0,1,0
Prevotella_sp_CAG_1320,0,1,0
Prevotella_sp_CAG_485,0,1,0
Prevotella_sp_CAG_520,0,1,0
Prevotella_sp_CAG_5226,0,1,0
Prevotella_sp_CAG_617,0,1,0
Prevotella_sp_CAG_873,0,1,0
Prevotella_sp_CAG_891,0,1,0
Prevotella_sp_S7_1_8,0,1,0
Parabacteroides_chinchillae,0,1,0
Parabacteroides_sp_426_9,2.29199447,1,0
Chryseobacterium_indologenes,0,1,0
Candidatus_Gastranaerophilales_bacterium,0,1,0
Gemella_haemolysans,0,1,0
Gemella_morbillorum,0,1,0
Listeria_monocytogenes,0,1,0
Paenibacillus_polymyxa,0,1,0
Staphylococcus_argenteus,0,1,0
Abiotrophia_defectiva,0,1,0
Abiotrophia_sp_HMSC24B09,0,1,0
Carnobacterium_divergens,0,1,0
Enterococcus_asini,0,1,0
Enterococcus_avium,0,1,0
Enterococcus_hirae,0,1,0
Enterococcus_italicus,0,1,0
Melissococcus_sp_OM08_11BH,0,1,0
Lactobacillus_amylovorus,0,1,0
Lactobacillus_curvatus,0,1,0
Lactobacillus_delbrueckii,0,1,0
Lactobacillus_farciminis,0,1,0
Lactobacillus_fermentum,0,1,0
Lactobacillus_gallinarum,0,1,0
Lactobacillus_helveticus,0,1,0
Lactobacillus_johnsonii,0,1,0
Lactobacillus_pentosus,0,1,0
Lactobacillus_plantarum,0,1,0
Lactobacillus_pontis,0,1,0
Lactobacillus_reuteri,0,1,0
Lactobacillus_rhamnosus,0,1,0
Lactobacillus_sakei,0,1,0
Lactobacillus_sanfranciscensis,0,1,0
Pediococcus_acidilactici,0,1,0
Leuconostoc_citreum,0,1,0
Leuconostoc_gelidum,0,1,0
Leuconostoc_lactis,0,1,0
Leuconostoc_mesenteroides,0,1,0
Weissella_confusa,0.327053654,1,0
Lactococcus_piscium,0,1,0
Lactococcus_raffinolactis,0,1,0
Streptococcus_agalactiae,0,1,0
Streptococcus_cristatus,0,1,0
Streptococcus_gallolyticus,0,1,0
Streptococcus_infantarius,0,1,0
Streptococcus_lutetiensis,0,1,0
Streptococcus_macedonicus,0,1,0
Streptococcus_milleri,0,1,0
Streptococcus_mutans,0,1,0
Streptococcus_salivarius_CAG_79,0,1,0
Streptococcus_sobrinus,0,1,0
Streptococcus_sp_F0442,0,1,0
Streptococcus_sp_HMSC070B10,0,1,0
Streptococcus_sp_HPH0090,0,1,0
Streptococcus_sp_M334,0,1,0
Streptococcus_suis,0,1,0
Streptococcus_viridans,0,1,0
Butyricicoccus_pullicaecorum,0,1,0
Clostridium_butyricum,0,1,0
Clostridium_celatum,0,1,0
Clostridium_neonatale,0,1,0
Clostridium_paraputrificum,0,1,0
Clostridium_perfringens,0,1,0
Clostridium_sp_7_2_43FAA,0,1,0
Clostridium_sp_CAG_510,0,1,0
Clostridium_sp_CAG_678,0,1,0
Clostridium_sp_CAG_964,0,1,0
Clostridium_ventriculi,0,1,0
Hungatella_effluvii,0,1,0
Eubacterium_brachy,0,1,0
Eubacterium_infirmum,0,1,0
Eubacterium_sulci,0,1,0
Bacteroides_pectinophilus,0,1,0
Clostridiales_bacterium_CHKCI006,0,1,0
Anaerofustis_stercorihominis,0,1,0
Eubacterium_maltosivorans,0,1,0
Eubacterium_sp_CAG_274,1.717003991,1,0
Mageeibacillus_indolicus,0,1,0
Anaerostipes_caccae,0,1,0
Blautia_producta,0.94544145,1,0
Butyrivibrio_sp_CAG_318,0,1,0
Catonella_morbi,0,1,0
Cellulosilyticum_lentocellum,0,1,0
Coprococcus_catus,0.241256263,1,0
Dorea_sp_CAG_317,0,1,0
Dorea_sp_D27,0,1,0
Clostridium_hylemonae,0,1,0
Clostridium_scindens,1.786701738,1,0
Lachnoclostridium_sp_An14,0,1,0
Lachnoclostridium_sp_An181,0,1,0
Lachnospiraceae_bacterium_10_1,0,1,0
Lachnospiraceae_bacterium_2_1_46FAA,0,1,0
Lachnospiraceae_bacterium_oral_taxon_096,0,1,0
Oribacterium_sinus,0,1,0
Roseburia_sp_CAG_182,0,1,0
Roseburia_sp_CAG_471,2.26528869,1,0
Oscillibacter_sp_PC13,0,1,0
Clostridioides_difficile,0,1,0
Paraclostridium_bifermentans,0,1,0
Clostridium_hiranonis,0,1,0
Peptostreptococcus_anaerobius,0,1,0
Peptostreptococcus_stomatis,0,1,0
Anaeromassilibacillus_sp_An172,0,1,0
Anaerotruncus_sp_CAG_528,0,1,0
Gemmiger_sp_An194,0,1,0
Gemmiger_sp_An50,0,1,0
Gemmiger_sp_An87,0,1,0
Ruminococcaceae_bacterium_D16,3.681872351,1,0
Ruminococcus_champanellensis,0,1,0
Ruminococcus_sp_CAG_403,0,1,0
Ruminococcus_sp_CAG_579,0,1,0
Bulleidia_extructa,0,1,0
Candidatus_Stoquefichus_sp_KLE1796,0,1,0
Massiliomicrobiota_timonensis,-0.422820602,1,0
Firmicutes_bacterium_CAG_424,0,1,0
Firmicutes_bacterium_CAG_555,0,1,0
Firmicutes_bacterium_CAG_646,0,1,0
Firmicutes_bacterium_CAG_791,0,1,0
Acidaminococcus_fermentans,0,1,0
Acidaminococcus_sp_CAG_542,0,1,0
Phascolarctobacterium_succinatutens,0,1,0
Megamonas_funiformis_CAG_377,0,1,0
Megamonas_hypermegale,0.671417442,1,0
Megamonas_rupellensis,1.046668273,1,0
Mitsuokella_jalaludinii,0,1,0
Mitsuokella_sp_oral_taxon_131,0,1,0
Selenomonas_noxia,0,1,0
Anaeroglobus_geminatus,0,1,0
Dialister_succinatiphilus,0,1,0
Megasphaera_cerevisiae,0,1,0
Megasphaera_hexanoica,0,1,0
Megasphaera_micronuciformis,0,1,0
Megasphaera_stantonii,0,1,0
Negativicoccus_succinicivorans,0,1,0
Veillonella_atypica,0.390010759,1,0
Veillonella_denticariosi,0,1,0
Veillonella_dispar,1.019117764,1,0
Veillonella_rodentium,0,1,0
Veillonella_seminalis,0,1,0
Veillonella_tobetsuensis,0,1,0
Anaerococcus_vaginalis,0,1,0
Finegoldia_magna,0,1,0
Parvimonas_sp_oral_taxon_110,0,1,0
Peptoniphilus_harei,0,1,0
Peptoniphilus_lacrimalis,0,1,0
Fusobacterium_equinum,0,1,0
Fusobacterium_gonidiaformans,0,1,0
Fusobacterium_nucleatum,0,1,0
Fusobacterium_periodonticum,0,1,0
Thioclava_marina,0,1,0
Sphingomonas_melonis,0,1,0
Sphingomonas_sp_FARSPH,0,1,0
Lautropia_mirabilis,0,1,0
Eikenella_corrodens,0,1,0
Neisseria_flavescens,0,1,0
Neisseria_subflava,0,1,0
Desulfovibrio_legallii,0,1,0
Campylobacter_coli,0,1,0
Campylobacter_concisus,0,1,0
Campylobacter_gracilis,0,1,0
Campylobacter_ureolyticus,0,1,0
Sulfurospirillum_sp_UBA12182,0,1,0
Aeromonas_caviae,0,1,0
Aeromonas_dhakensis,0,1,0
Aeromonas_media,0,1,0
Aeromonas_veronii,0,1,0
Succinatimonas_hippei,0,1,0
Cardiobacterium_valvarum,0,1,0
Plesiomonas_shigelloides,0,1,0
Atlantibacter_hermannii,0,1,0
Citrobacter_amalonaticus,0,1,0
Citrobacter_braakii,0,1,0
Citrobacter_europaeus,0,1,0
Citrobacter_koseri,0,1,0
Citrobacter_pasteurii,0,1,0
Cronobacter_malonaticus,0,1,0
Cronobacter_sakazakii,0,1,0
Escherichia_albertii,0,1,0
Escherichia_fergusonii,0,1,0
Kluyvera_cryocrescens,0,1,0
Kosakonia_sacchari,0,1,0
Leclercia_adecarboxylata,0,1,0
Pseudocitrobacter_faecalis,0,1,0
Raoultella_planticola,0,1,0
Salmonella_enterica,0,1,0
Pantoea_eucrina,0,1,0
Hafnia_alvei,0,1,0
Proteus_hauseri,0,1,0
Proteus_mirabilis,0,1,0
Proteus_penneri,0,1,0
Proteus_vulgaris,0,1,0
Serratia_ureilytica,0,1,0
Wohlfahrtiimonas_chitiniclastica,0,1,0
Aggregatibacter_aphrophilus,0,1,0
Aggregatibacter_sp_oral_taxon_458,0,1,0
Haemophilus_parahaemolyticus,0,1,0
Haemophilus_paraphrohaemolyticus,0,1,0
Haemophilus_pittmaniae,0,1,0
Haemophilus_quentini,0,1,0
Haemophilus_sputorum,0,1,0
Rodentibacter_heylii,0,1,0
Acinetobacter_nosocomialis,0,1,0
Acinetobacter_ursingii,0,1,0
Pseudomonas_alcaliphila,0,1,0
Vibrio_alginolyticus,0,1,0
Vibrio_cholerae,0,1,0
Pseudomonas_geniculata,0,1,0
Fretibacterium_fastidiosum,0,1,0
Jonquetella_anthropi,0,1,0
Pyramidobacter_piscolens,0,1,0
Mycoplasma_bovis,0,1,0
